<?xml version="1.0" encoding="UTF-8"?>
<project-private xmlns="http://www.netbeans.org/ns/project-private/1">
    <editor-bookmarks xmlns="http://www.netbeans.org/ns/editor-bookmarks/2" lastBookmarkId="0"/>
    <open-files xmlns="http://www.netbeans.org/ns/projectui-open-files/2">
        <group>
            <file>file:/C:/Users/aljaz/OneDrive/الصور/المستندات/NetBeansProjects/ProjectSG/src/Booking.java</file>
            <file>file:/C:/Users/aljaz/OneDrive/الصور/المستندات/NetBeansProjects/ProjectSG/src/Client.java</file>
            <file>file:/C:/Users/aljaz/OneDrive/الصور/المستندات/NetBeansProjects/ProjectSG/src/Pet.java</file>
            <file>file:/C:/Users/aljaz/OneDrive/الصور/المستندات/NetBeansProjects/ProjectSG/src/InClinicBooking.java</file>
            <file>file:/C:/Users/aljaz/OneDrive/الصور/المستندات/NetBeansProjects/ProjectSG/test/PetopiaSystemTest.java</file>
            <file>file:/C:/Users/aljaz/OneDrive/الصور/المستندات/NetBeansProjects/ProjectSG/src/PetopiaSystem.java</file>
            <file>file:/C:/Users/aljaz/OneDrive/الصور/المستندات/NetBeansProjects/ProjectSG/src/GroomingBooking.java</file>
            <file>file:/C:/Users/aljaz/OneDrive/الصور/المستندات/NetBeansProjects/ProjectSG/src/HomeVisitBooking.java</file>
        </group>
    </open-files>
</project-private>
